Jeunes;Ages
Data_p007_Marche2_4;Data_pa001_TUG2_1
Data_p011_TUG1_1;Data_pa002_F01_1
Data_p011_TUG1_3;Data_pa002_Marche_3
Data_p011_TUG1_4;Data_pa002_TUG2_2
Data_p011_TUG1_5;Data_pa003_F8W1_1
Data_p011_TUG1_6;Data_pa003_Marche2_2
Data_p011_TUG1_8;Data_pa003_TUG2_1
Data_p012_FO1_1;Data_pa006_F8W1_1
Data_p017_Marche_1;Data_pa006_Marche_1
Data_p019_F8W1_4;Data_pa007_Marche_1
Data_p021_Marche_1;Data_pa007_TUG2_1
Data_p022_Marche_1;Data_pa008_FO1_2
Data_p024_TUG2_1;Data_pa008_FO1_3
Data_p024_TUG2_2;Data_pa009_F8W1_3
Data_p024_TUG2_5;Data_pa010_F8W1_1
Data_p024_TUG2_6;Data_pa010?_TUG1_2
Data_p024_TUG2_7;Data_pa010?_TUG1_3
Data_p024_TUG2_8;Data_pa010?_TUG1_4
Data_p024_TUG2_9;Data_pa010_TUG2_1
Data_p025_TUG1_1;Data_pa010_TUG2_2
Data_p025_TUG1_4;Data_pa010_TUG2_3
Data_p025_TUG1_5;Data_pa010_TUG2_4
Data_p025_TUG2_1;Data_pa010_TUG2_5
Data_p025_TUG2_2;Data_pa010_TUG2_8
Data_p025_TUG2_3;Data_pa012_FO1_4
Data_p025_TUG2_4;Data_pa012_FO2_1
Data_p025_TUG2_5;Data_pa012_FO2_2
Data_p025_TUG2_6;Data_pa013_FO1_2
Data_p025_TUG2_7;Data_pa013_TUG1_3
Data_p025_TUG2_8;Data_pa014_TUG2_1
Data_p025_TUG2_10;Data_pa015_FO1_1
Data_p025_TUG2_11;Data_pa015_TUG2_1
Data_p029_FO1_1;Data_pa016_F8W1_1
Data_p029_TUG1_1;Data_pa016_F8W1_5
Data_p031_F8W2_1;Data_pa016_FO1_4
Data_p031_FO1_1;Data_pa016_Marche_1
Data_p031_TUG1_1;Data_pa017_F8W1_2
;Data_pa017_TUG1_3
;Data_pa018_Marche2_2
;Data_pa022_F8W1_1
;Data_pa022_Marche2_1
;Data_pa022_TUG2_1
;Data_pa023_F8W1_1
;Data_pa024_Marche_1
;Data_pa024_Marche_2
;Data_pa024_Marche2_2
;Data_pa024_Marche2_3
;Data_pa024_Marche2_5
;Data_pa026_F8W2_1
;Data_pa026_FO1_1
;Data_pa026_FO2_2
;Data_pa028_F8W1_1
;Data_pa028_FO2_1
;Data_pa028_Marche_1
;Data_pa028_Marche_5
;Data_pa028_TUG2_1
;Data_pa029_FO1_1
;Data_pa031_F8W2_1
;Data_pa031_TUG2_3
;Data_pa032_Marche_2
;Data_pa034_FO1_2
